{
    "accuracy": 0.9786666666666667,
    "precision": 0.9723661485319517,
    "recall": 0.983234369542438,
    "f1_score": 0.9777700590482808,
    "roc_auc": 0.9981756398426898,
    "classification_report": {
        "0": {
            "precision": 0.9845410628019323,
            "recall": 0.9744979279566465,
            "f1-score": 0.9794937520025633,
            "support": 3137.0
        },
        "1": {
            "precision": 0.9723661485319517,
            "recall": 0.983234369542438,
            "f1-score": 0.9777700590482808,
            "support": 2863.0
        },
        "accuracy": 0.9786666666666667,
        "macro avg": {
            "precision": 0.978453605666942,
            "recall": 0.9788661487495423,
            "f1-score": 0.978631905525422,
            "support": 6000.0
        },
        "weighted avg": {
            "precision": 0.9787315995427731,
            "recall": 0.9786666666666667,
            "f1-score": 0.9786712631812116,
            "support": 6000.0
        }
    },
    "confusion_matrix": [
        [
            3057,
            80
        ],
        [
            48,
            2815
        ]
    ]
}