{
    "logistic_regression": {
        "accuracy": 0.9843333333333333,
        "precision": 0.9814941740918437,
        "recall": 0.9862258953168044,
        "f1_score": 0.9838543455857094,
        "roc_auc": 0.9974290339974801,
        "confusion_matrix": [
            [
                3042,
                54
            ],
            [
                40,
                2864
            ]
        ],
        "classification_report": {
            "0": {
                "precision": 0.9870214146658014,
                "recall": 0.9825581395348837,
                "f1-score": 0.9847847199741016,
                "support": 3096.0
            },
            "1": {
                "precision": 0.9814941740918437,
                "recall": 0.9862258953168044,
                "f1-score": 0.9838543455857094,
                "support": 2904.0
            },
            "accuracy": 0.9843333333333333,
            "macro avg": {
                "precision": 0.9842577943788225,
                "recall": 0.984392017425844,
                "f1-score": 0.9843195327799055,
                "support": 6000.0
            },
            "weighted avg": {
                "precision": 0.9843462302280058,
                "recall": 0.9843333333333333,
                "f1-score": 0.9843344187701198,
                "support": 6000.0
            }
        }
    },
    "multinomial_nb": {
        "accuracy": 0.9455,
        "precision": 0.9453854130660214,
        "recall": 0.9418044077134986,
        "f1_score": 0.9435915128514748,
        "roc_auc": 0.9864619147785112,
        "confusion_matrix": [
            [
                2938,
                158
            ],
            [
                169,
                2735
            ]
        ],
        "classification_report": {
            "0": {
                "precision": 0.9456066945606695,
                "recall": 0.9489664082687338,
                "f1-score": 0.9472835724649362,
                "support": 3096.0
            },
            "1": {
                "precision": 0.9453854130660214,
                "recall": 0.9418044077134986,
                "f1-score": 0.9435915128514748,
                "support": 2904.0
            },
            "accuracy": 0.9455,
            "macro avg": {
                "precision": 0.9454960538133454,
                "recall": 0.9453854079911161,
                "f1-score": 0.9454375426582056,
                "support": 6000.0
            },
            "weighted avg": {
                "precision": 0.9454995943172598,
                "recall": 0.9455,
                "f1-score": 0.9454966156120208,
                "support": 6000.0
            }
        }
    },
    "lstm": {
        "accuracy": 0.9245,
        "precision": 0.9328859060402684,
        "recall": 0.9094352617079889,
        "f1_score": 0.9210113339145597,
        "roc_auc": 0.9632165559755412,
        "confusion_matrix": [
            [
                2906,
                190
            ],
            [
                263,
                2641
            ]
        ],
        "classification_report": {
            "0": {
                "precision": 0.9170085200378668,
                "recall": 0.9386304909560723,
                "f1-score": 0.9276935355147645,
                "support": 3096.0
            },
            "1": {
                "precision": 0.9328859060402684,
                "recall": 0.9094352617079889,
                "f1-score": 0.9210113339145597,
                "support": 2904.0
            },
            "accuracy": 0.9245,
            "macro avg": {
                "precision": 0.9249472130390677,
                "recall": 0.9240328763320307,
                "f1-score": 0.9243524347146621,
                "support": 6000.0
            },
            "weighted avg": {
                "precision": 0.9246931748630293,
                "recall": 0.9245,
                "f1-score": 0.9244593499402654,
                "support": 6000.0
            }
        }
    },
    "distilbert": {
        "error": "TrainingArguments.__init__() got an unexpected keyword argument 'evaluation_strategy'"
    }
}